-- --------------------------------------------------------
-- Хост:                         127.0.0.1
-- Версия сервера:               5.5.50 - MySQL Community Server (GPL)
-- ОС Сервера:                   Win32
-- HeidiSQL Версия:              9.3.0.4984
-- --------------------------------------------------------

/*!40101 SET @OLD_CHARACTER_SET_CLIENT=@@CHARACTER_SET_CLIENT */;
/*!40101 SET NAMES utf8mb4 */;
/*!40014 SET @OLD_FOREIGN_KEY_CHECKS=@@FOREIGN_KEY_CHECKS, FOREIGN_KEY_CHECKS=0 */;
/*!40101 SET @OLD_SQL_MODE=@@SQL_MODE, SQL_MODE='NO_AUTO_VALUE_ON_ZERO' */;

-- Дамп структуры базы данных batunin_402_user
CREATE DATABASE IF NOT EXISTS `batunin_402_user` /*!40100 DEFAULT CHARACTER SET utf8 */;
USE `batunin_402_user`;


-- Дамп структуры для таблица batunin_402_user.AcademicDepartaments
CREATE TABLE IF NOT EXISTS `AcademicDepartaments` (
  `Code` int(11) NOT NULL,
  `Name` varchar(120) NOT NULL,
  PRIMARY KEY (`Code`)
) ENGINE=InnoDB DEFAULT CHARSET=utf8;

-- Дамп данных таблицы batunin_402_user.AcademicDepartaments: ~25 rows (приблизительно)
/*!40000 ALTER TABLE `AcademicDepartaments` DISABLE KEYS */;
INSERT INTO `AcademicDepartaments` (`Code`, `Name`) VALUES
	(3, '	Всеобщей истории,  политологии и регионоведения	'),
	(4, '	Истории Отечества	'),
	(7, '	Социологии	'),
	(9, '	Психологии	'),
	(11, '	Филосфии для ЕН и инженерных специальностей	'),
	(14, '	Общей физики	'),
	(17, '	Теоретической физики	'),
	(21, '	Физическая культура и спорт	'),
	(30, '	Безопасности жизнедеятельности	'),
	(51, '	Алгебры  и геометрии	'),
	(53, '	Математического анализа	'),
	(55, '	Прикладной математики, дифференциальных уравнений и теоретической механики	'),
	(57, '	Систем автоматизированного проектирования	'),
	(58, '	Педагогики	'),
	(59, '	Фундаментальной информатики	'),
	(99, '	Русского языка	'),
	(114, '	Иностранных языков для ЕН и инженерных специальностей	'),
	(115, '	Бухгалтерского учета и аудита	'),
	(116, '	Менеджмента	'),
	(122, '	Экономической теории	'),
	(125, '	Управления качеством	'),
	(127, '	Маркетинга	'),
	(137, '	Правовых дисциплин	'),
	(155, '	Традиционной мордовской культуры и современного искусства	'),
	(159, '	Педагогической психологии и педагогики	');
/*!40000 ALTER TABLE `AcademicDepartaments` ENABLE KEYS */;


-- Дамп структуры для таблица batunin_402_user.AcademicDisciplines
CREATE TABLE IF NOT EXISTS `AcademicDisciplines` (
  `DisciplineCode` varchar(50) NOT NULL,
  `Name` varchar(120) NOT NULL,
  `AcademicDepartamentCode` int(11) DEFAULT NULL,
  PRIMARY KEY (`DisciplineCode`),
  KEY `FK_AcademicDisciplines_AcademicDepartaments` (`AcademicDepartamentCode`),
  CONSTRAINT `FK_AcademicDisciplines_AcademicDepartaments` FOREIGN KEY (`AcademicDepartamentCode`) REFERENCES `AcademicDepartaments` (`Code`)
) ENGINE=InnoDB DEFAULT CHARSET=utf8;

-- Дамп данных таблицы batunin_402_user.AcademicDisciplines: ~93 rows (приблизительно)
/*!40000 ALTER TABLE `AcademicDisciplines` DISABLE KEYS */;
INSERT INTO `AcademicDisciplines` (`DisciplineCode`, `Name`, `AcademicDepartamentCode`) VALUES
	('	-	', '	Элективные курсы по физической культуре	', 21),
	('	Б1.Б.1	', '	История	', 4),
	('	Б1.Б.10	', '	Объектно-ориентированное программирование	', 57),
	('	Б1.Б.11	', '	Русский язык и культура речи	', 99),
	('	Б1.Б.12	', '	Экономика	', 122),
	('	Б1.Б.13	', '	Теория автоматов и формальных языков	', 57),
	('	Б1.Б.14	', '	Правоведение	', 137),
	('	Б1.Б.15	', '	Разработка и анализ требований к программному обеспечению	', 57),
	('	Б1.Б.16	', '	Архитектура вычислительных систем	', 57),
	('	Б1.Б.17	', '	Проектирование и архитектура программных систем	', 57),
	('	Б1.Б.18	', '	Социология	', 7),
	('	Б1.Б.19	', '	Философия	', 11),
	('	Б1.Б.2	', '	Машинная арифметика и цифровая логика	', 57),
	('	Б1.Б.20	', '	Базы данных	', 59),
	('	Б1.Б.21	', '	Операционные системы	', 57),
	('	Б1.Б.22	', '	Конструирование программного обеспечения	', 57),
	('	Б1.Б.23	', '	Тестирование программного обеспечения	', 57),
	('	Б1.Б.24	', '	Управление программными проектами	', 57),
	('	Б1.Б.25	', '	Психология	', 58),
	('	Б1.Б.26	', '	Базы данных	', 59),
	('	Б1.Б.27	', '	Методы оптимизации			', 55),
	('	Б1.Б.28	', '	Численные методы			', 55),
	('	Б1.Б.29	', '	Операционные системы			', 55),
	('	Б1.Б.3	', '	Основы программирования	', 57),
	('	Б1.Б.4	', '	Физическая культура	', 21),
	('	Б1.Б.5	', '	Иностранный язык	', 114),
	('	Б1.Б.6	', '	Безопасность жизнедеятельности	', 30),
	('	Б1.Б.7	', '	Введение в программную инженерию	', 57),
	('	Б1.Б.8	', '	Алгоритмы и структуры данных	', 51),
	('	Б1.Б.9	', '	Дискретная математика	', 55),
	('	Б1.В.ДВ.1.1	', '	Групповая динамика и коммуникации	', 159),
	('	Б1.В.ДВ.1.2	', '	Профессиональная этика и социальные проблемы информатизации	', 57),
	('	Б1.В.ДВ.1.3	', '	Психология личности и профессиональное самоопределение			', 9),
	('	Б1.В.ДВ.10.1	', '	Информационная безопасность распределенных систем	', 51),
	('	Б1.В.ДВ.10.2	', '	Математические модели финансовой математики	', 55),
	('	Б1.В.ДВ.10.3	', '	Сетевые технологии и сетевое программирование			', 57),
	('	Б1.В.ДВ.11.1	', '	Базы данных и экспертные системы	', 51),
	('	Б1.В.ДВ.11.2	', '	Разработка и реализация параллельных алгоритмов	', 55),
	('	Б1.В.ДВ.11.3	', '	Технологии параллельного программирования	', 57),
	('	Б1.В.ДВ.12.1	', '	Программно-аппаратные средства защиты информации	', 51),
	('	Б1.В.ДВ.12.2	', '	Численные методы решения краевых задач	', 55),
	('	Б1.В.ДВ.12.3	', '	Программирование микропроцессоров			', 57),
	('	Б1.В.ДВ.12.4	', '	Адаптивные информационные и коммуникационные технологии			', 59),
	('	Б1.В.ДВ.13.1	', '	Нечеткие множества			', 51),
	('	Б1.В.ДВ.13.2	', '	Булевы алгебры			', 51),
	('	Б1.В.ДВ.2.1	', '	Вычислительная математика	', 57),
	('	Б1.В.ДВ.2.2	', '	Исследование операций	', 57),
	('	Б1.В.ДВ.2.3	', '	Психология личности и профессиональное самоопределение			', 9),
	('	Б1.В.ДВ.3.1	', '	Метод конечных элементов и программы компьютерной графики	', 57),
	('	Б1.В.ДВ.3.2	', '	Технологии мультимедиа	', 57),
	('	Б1.В.ДВ.3.3	', '	Адаптивные информационные и коммуникационные технологии			', 59),
	('	Б1.В.ДВ.4.1	', '	Менеджмент	', 116),
	('	Б1.В.ДВ.4.2	', '	Организация и планирование производства	', 127),
	('	Б1.В.ДВ.4.3	', '	Технологии социальной адаптации	', 7),
	('	Б1.В.ДВ.5.1	', '	Управление качеством программного обеспечения	', 57),
	('	Б1.В.ДВ.5.2	', '	Управление программными рисками	', 57),
	('	Б1.В.ДВ.5.3	', '	Психология личности и профессиональное самоопределение			', 9),
	('	Б1.В.ДВ.6.1	', '	Программирование микропроцессоров	', 57),
	('	Б1.В.ДВ.6.2	', '	Программирование Веб-приложений	', 57),
	('	Б1.В.ДВ.6.3	', '	Технологии социальной адаптации			', 7),
	('	Б1.В.ДВ.7.1	', '	Интеллектуальные системы	', 57),
	('	Б1.В.ДВ.7.2	', '	Программная реализация экспертных систем и генетических алгоритмов	', 57),
	('	Б1.В.ДВ.7.3	', '	Объектно-ориентированное программирование			', 57),
	('	Б1.В.ДВ.8.1	', '	Сетевые технологии и сетевое программирование	', 57),
	('	Б1.В.ДВ.8.2	', '	Технологии параллельного программирования	', 57),
	('	Б1.В.ДВ.8.3	', '	Конструирование программного обеспечения			', 57),
	('	Б1.В.ДВ.9.1	', '	Криптографические методы защиты информации	', 51),
	('	Б1.В.ДВ.9.2	', '	Математическое моделирование и программное обеспечение	', 55),
	('	Б1.В.ДВ.9.3	', '	Системное программирование			', 57),
	('	Б1.В.ОД.1	', '	Алгебра и геометрия	', 55),
	('	Б1.В.ОД.10	', '	Теория информации	', 57),
	('	Б1.В.ОД.11	', '	Проектирование человеко-машинного интерфейса	', 57),
	('	Б1.В.ОД.12	', '	Управление жизненным циклом программных систем	', 57),
	('	Б1.В.ОД.13	', '	Информационная безопасность	', 51),
	('	Б1.В.ОД.14	', '	Нейронные сети	', 57),
	('	Б1.В.ОД.15	', '	Теория игр и исследование операций	', 55),
	('	Б1.В.ОД.16	', '	Математические модели теории управления	', 55),
	('	Б1.В.ОД.17	', '	Политология	', 3),
	('	Б1.В.ОД.18	', '	Социальные и этические вопросы информационных технологий	', 57),
	('	Б1.В.ОД.19	', '	Компьютерные сети	', 55),
	('	Б1.В.ОД.2	', '	Математический анализ	', 53),
	('	Б1.В.ОД.20	', '	Политология	', 3),
	('	Б1.В.ОД.3	', '	Математическая логика и теория алгоритмов	', 55),
	('	Б1.В.ОД.4	', '	Теория вероятностей и математическая статистика	', 53),
	('	Б1.В.ОД.5	', '	Физика	', 14),
	('	Б1.В.ОД.6	', '	Компьютерный статистический анализ данных	', 57),
	('	Б1.В.ОД.7	', '	Основы электротехники и электроники	', 57),
	('	Б1.В.ОД.8	', '	Иностранный язык для профессиональной коммуникации	', 114),
	('	Б1.В.ОД.9	', '	Экономика программной инженерии	', 57),
	('	ФТД.1	', '	Лингвистические и культурно-исторические особенности мордовского края	', 155),
	('	ФТД.2	', '	История и методология математики и информатики	', 55),
	('	ФТД.3	', '	Лингвистические и культурно-исторические особенности мордовского края			', 155),
	('Б1.Б.1', 'Философия', 11);
/*!40000 ALTER TABLE `AcademicDisciplines` ENABLE KEYS */;


-- Дамп структуры для таблица batunin_402_user.Attestations
CREATE TABLE IF NOT EXISTS `Attestations` (
  `Id` int(11) NOT NULL AUTO_INCREMENT,
  `Date` date NOT NULL,
  `AcademicDisciplineCode` varchar(50) NOT NULL,
  `GroupId` int(11) NOT NULL,
  `HoursCount` int(11) NOT NULL,
  `AppraisalType` int(11) NOT NULL,
  PRIMARY KEY (`Id`),
  KEY `FK_Attestations_Groups` (`GroupId`),
  CONSTRAINT `FK_Attestations_Groups` FOREIGN KEY (`GroupId`) REFERENCES `Groups` (`Id`)
) ENGINE=InnoDB AUTO_INCREMENT=14 DEFAULT CHARSET=utf8;

-- Дамп данных таблицы batunin_402_user.Attestations: ~6 rows (приблизительно)
/*!40000 ALTER TABLE `Attestations` DISABLE KEYS */;
INSERT INTO `Attestations` (`Id`, `Date`, `AcademicDisciplineCode`, `GroupId`, `HoursCount`, `AppraisalType`) VALUES
	(1, '2018-10-08', '	Б1.В.ОД.7	', 1, 130, 2),
	(2, '2018-07-12', '	Б1.В.ОД.7	', 1, 140, 1),
	(10, '2018-10-09', '	Б1.В.ДВ.12.4	', 3, 120, 1),
	(11, '2018-10-09', '	Б1.Б.16	', 4, 120, 1),
	(12, '2018-10-25', '	Б1.Б.18	', 2, 120, 2),
	(13, '2018-10-12', '	Б1.В.ДВ.13.2	', 2, 120, 1);
/*!40000 ALTER TABLE `Attestations` ENABLE KEYS */;


-- Дамп структуры для таблица batunin_402_user.EducationalDirections
CREATE TABLE IF NOT EXISTS `EducationalDirections` (
  `Code` varchar(50) NOT NULL,
  `Name` varchar(80) NOT NULL,
  PRIMARY KEY (`Code`)
) ENGINE=InnoDB DEFAULT CHARSET=utf8;

-- Дамп данных таблицы batunin_402_user.EducationalDirections: ~4 rows (приблизительно)
/*!40000 ALTER TABLE `EducationalDirections` DISABLE KEYS */;
INSERT INTO `EducationalDirections` (`Code`, `Name`) VALUES
	('01.03.02', 'Прикладная математика и информатика'),
	('02.03.02', 'Фундаментальная информатика и информационные технологии'),
	('03.03.02', 'Математика и компьютерные науки'),
	('09.03.04', 'Программная инженерия');
/*!40000 ALTER TABLE `EducationalDirections` ENABLE KEYS */;


-- Дамп структуры для таблица batunin_402_user.ExamInfos
CREATE TABLE IF NOT EXISTS `ExamInfos` (
  `Id` int(11) NOT NULL AUTO_INCREMENT,
  `AttestationId` int(11) NOT NULL DEFAULT '0',
  `Date` date DEFAULT NULL,
  `StudentId` int(11) NOT NULL,
  `Score` int(11) NOT NULL,
  `Level` int(11) DEFAULT NULL,
  PRIMARY KEY (`Id`),
  KEY `FK_ExamInfos_Attestations` (`AttestationId`),
  KEY `FK_ExamInfos_Students` (`StudentId`),
  CONSTRAINT `FK_ExamInfos_Students` FOREIGN KEY (`StudentId`) REFERENCES `Students` (`Id`),
  CONSTRAINT `FK_ExamInfos_Attestations` FOREIGN KEY (`AttestationId`) REFERENCES `Attestations` (`Id`)
) ENGINE=InnoDB AUTO_INCREMENT=25 DEFAULT CHARSET=utf8;

-- Дамп данных таблицы batunin_402_user.ExamInfos: ~19 rows (приблизительно)
/*!40000 ALTER TABLE `ExamInfos` DISABLE KEYS */;
INSERT INTO `ExamInfos` (`Id`, `AttestationId`, `Date`, `StudentId`, `Score`, `Level`) VALUES
	(6, 2, '2018-09-29', 4, 100, 5),
	(7, 1, '2018-10-05', 1, 45, 2),
	(8, 1, '2018-10-04', 2, 65, 3),
	(9, 1, '2018-10-04', 4, 72, 4),
	(10, 2, '2018-10-06', 1, 50, 3),
	(11, 1, '2018-10-06', 1, 50, 3),
	(12, 1, '2018-10-16', 3, 72, 4),
	(13, 12, '2018-10-30', 18, 86, 5),
	(14, 12, '2018-10-15', 19, 65, 3),
	(15, 12, '2018-10-16', 20, 72, 4),
	(16, 12, '2018-10-14', 21, 75, 4),
	(17, 12, '2018-10-15', 22, 45, 2),
	(18, 12, '2018-10-08', 18, 72, 4),
	(19, 13, '2018-10-14', 18, 75, 4),
	(20, 13, '2018-10-14', 24, 86, 5),
	(21, 13, '2018-10-15', 22, 45, 2),
	(22, 10, '2018-10-08', 38, 65, 3),
	(23, 11, '2018-10-14', 63, 74, 4),
	(24, 10, '2018-10-13', 39, 50, 2);
/*!40000 ALTER TABLE `ExamInfos` ENABLE KEYS */;


-- Дамп структуры для таблица batunin_402_user.Groups
CREATE TABLE IF NOT EXISTS `Groups` (
  `Id` int(11) NOT NULL AUTO_INCREMENT,
  `Number` varchar(5) NOT NULL,
  `HeadId` int(11) DEFAULT NULL,
  `FormationDate` date DEFAULT NULL,
  `EducationalDirectionCode` varchar(50) DEFAULT NULL,
  PRIMARY KEY (`Id`),
  KEY `FK_Groups_EducationalDirections` (`EducationalDirectionCode`),
  KEY `FK_Groups_Students` (`HeadId`),
  CONSTRAINT `FK_Groups_Students` FOREIGN KEY (`HeadId`) REFERENCES `Students` (`Id`),
  CONSTRAINT `FK_Groups_EducationalDirections` FOREIGN KEY (`EducationalDirectionCode`) REFERENCES `EducationalDirections` (`Code`)
) ENGINE=InnoDB AUTO_INCREMENT=5 DEFAULT CHARSET=utf8;

-- Дамп данных таблицы batunin_402_user.Groups: ~4 rows (приблизительно)
/*!40000 ALTER TABLE `Groups` DISABLE KEYS */;
INSERT INTO `Groups` (`Id`, `Number`, `HeadId`, `FormationDate`, `EducationalDirectionCode`) VALUES
	(1, '301', 11, '2018-10-07', '03.03.02'),
	(2, '302', 30, '2018-10-07', '02.03.02'),
	(3, '303', 60, '2018-10-07', '01.03.02'),
	(4, '304', 69, '2018-10-07', '09.03.04');
/*!40000 ALTER TABLE `Groups` ENABLE KEYS */;


-- Дамп структуры для таблица batunin_402_user.Students
CREATE TABLE IF NOT EXISTS `Students` (
  `Id` int(11) NOT NULL AUTO_INCREMENT,
  `LastName` varchar(20) NOT NULL,
  `StudentCardIssueDate` date DEFAULT NULL,
  `FirstName` varchar(20) NOT NULL,
  `MiddleName` varchar(20) DEFAULT NULL,
  `Gender` tinyint(4) DEFAULT NULL COMMENT '1 - Мужской, 2 - Женский',
  `BirthDay` date DEFAULT NULL,
  `StudentCardNumber` int(11) DEFAULT NULL,
  `GroupId` int(11) NOT NULL,
  PRIMARY KEY (`Id`),
  KEY `FK_Students_Groups` (`GroupId`),
  CONSTRAINT `FK_Students_Groups` FOREIGN KEY (`GroupId`) REFERENCES `Groups` (`Id`)
) ENGINE=InnoDB AUTO_INCREMENT=81 DEFAULT CHARSET=utf8;

-- Дамп данных таблицы batunin_402_user.Students: ~80 rows (приблизительно)
/*!40000 ALTER TABLE `Students` DISABLE KEYS */;
INSERT INTO `Students` (`Id`, `LastName`, `StudentCardIssueDate`, `FirstName`, `MiddleName`, `Gender`, `BirthDay`, `StudentCardNumber`, `GroupId`) VALUES
	(1, 'Абрамов', '2018-10-09', 'Антон', 'Александрович', 1, '2018-10-02', 151065, 1),
	(2, 'Асекаев', '0001-01-30', 'Марат', 'Русланович', 1, '1997-01-13', 151609, 1),
	(3, 'Булавкин', NULL, 'Герман', 'Борисович', 1, '2018-10-06', 170017, 1),
	(4, 'Волгина', NULL, 'Надежда', 'Дмитриевна', 2, '2018-10-16', 151064, 1),
	(5, 'Никита', NULL, 'Волков', 'Валериевич', 1, '2018-10-06', 151055, 1),
	(6, 'Крюкова', NULL, 'Софья', 'Андреевна', 2, '2018-10-05', 172686, 1),
	(7, 'Лияскин', NULL, 'Денис', 'Иванович', 1, '2018-10-06', 151056, 1),
	(8, 'Макушева', '2018-10-28', 'Светлана', 'Павловна', 2, '2018-10-04', 151607, 1),
	(9, 'Мылкина', NULL, 'Анна', 'Борисовна', 2, NULL, 15288, 1),
	(10, 'Опритова', NULL, 'Мария', 'Александровна', 2, NULL, 151053, 1),
	(11, 'Понимаскин', NULL, 'Сергей', 'Васильевич', 1, NULL, 15061, 1),
	(12, 'Поршина', NULL, 'Мария', 'Александровна', 2, NULL, 151054, 1),
	(13, 'Сушенцов', NULL, 'Алексей', 'Олегович', 1, NULL, 151059, 1),
	(14, 'Турчаева', NULL, 'Карина', 'Наилевна', 2, NULL, 151604, 1),
	(15, 'Чиркова', NULL, 'Людмила', 'Михайловна', 2, NULL, 151066, 1),
	(16, 'Шустов', NULL, 'Евгений', 'Владимирович', 1, NULL, 151057, 1),
	(17, 'Щуров', NULL, 'Евгений', 'Алексеевич', 1, NULL, 151608, 1),
	(18, 'Батунин', NULL, 'Максим', 'Евгеньевич', 1, NULL, 151068, 2),
	(19, 'Галяткин', NULL, 'Андрей', 'Николаевич', 1, NULL, 151592, 2),
	(20, 'Грачев', NULL, 'Михаил', 'Вячеславович', 1, NULL, 151081, 2),
	(21, 'Гребенцов', NULL, 'Игорь', 'Алексеевич', 1, NULL, 151082, 2),
	(22, 'Ичков', NULL, 'Дмитрий', 'Николаевич', 1, NULL, 151594, 2),
	(23, 'Казаков', NULL, 'Никита', 'Александрович', 1, NULL, 151593, 2),
	(24, 'Лошкарев', NULL, 'Ярослав', 'Владимирович', 1, NULL, 151598, 2),
	(25, 'Медведева', NULL, 'Татьяна', 'Сергеевна', 2, NULL, 151079, 2),
	(26, 'Никин', NULL, 'Валентин', 'Владимирович', 1, NULL, 151067, 2),
	(27, 'Пархачев', NULL, 'Андрей', 'Александрович', 1, NULL, 151076, 2),
	(28, 'Полетаев', NULL, 'Александр', 'Леонидович', 1, NULL, 152131, 2),
	(29, 'Солдаткин', NULL, 'Андрей', 'Юрьевич', 1, NULL, 151602, 2),
	(30, 'Суняйкин', NULL, 'Станислав', 'Алексеевич', 1, NULL, 151075, 2),
	(31, 'Тамбовцев', NULL, 'Антон', 'Юрьевич', 1, NULL, 15286, 2),
	(32, 'Фадин', NULL, 'Евгений', 'Геннадьевич', 1, NULL, 151595, 2),
	(33, 'Цапайкин', NULL, 'Алексей', 'Владимирович', 1, NULL, 151603, 2),
	(34, 'Шалаев', NULL, 'Руслан', 'Константинович', 1, NULL, 151597, 2),
	(35, 'Осин', NULL, 'Иван', 'Геннадьевич', 1, NULL, NULL, 2),
	(36, 'Аршинова', NULL, 'Екатерина', 'Дмитриевна', 2, NULL, 151589, 3),
	(37, 'Босоногова', NULL, 'Марина', 'Валерьевна', 2, NULL, 151046, 3),
	(38, 'Героев', NULL, 'Вадим', 'Николаевич', 1, NULL, 151049, 3),
	(39, 'Головенко', NULL, 'Максим', 'Владимирович', 1, NULL, 15018, 3),
	(40, 'Горбылева', NULL, 'Ксения', 'Олеговна', 2, NULL, 151041, 3),
	(41, 'Досейкин', NULL, 'Станислав', 'Сергеевич', 1, NULL, 15283, 3),
	(42, 'Журавлева', NULL, 'Марина', 'Александровна', 2, NULL, 151590, 3),
	(43, 'Кидяев', NULL, 'Владимир', 'Сергеевич', 1, NULL, 151591, 3),
	(44, 'Клюшенкова', NULL, 'Анастасия', 'Александровна', 2, NULL, 151588, 3),
	(45, 'Корытин', NULL, 'Сергей', 'Иванович', 1, NULL, 15282, 3),
	(46, 'Кузьмин', NULL, 'Никита', 'Александрович', 1, NULL, 151043, 3),
	(47, 'Кулягина', NULL, 'Таисия', 'Ивановна', 2, NULL, 15017, 3),
	(48, 'Курбатов', NULL, 'Денис', 'Игоревич', 1, NULL, 151048, 3),
	(49, 'Малкина', NULL, 'Анастасия', 'Алексеевна', 2, NULL, 16009, 3),
	(50, 'Мараквелидзе', NULL, 'Олег', 'Малхазович', 1, NULL, 170028, 3),
	(51, 'Муличева', NULL, 'Екатерина', 'Сергеевна', 2, NULL, 151047, 3),
	(52, 'Полищук', NULL, 'Ольга', 'Александровна', 2, NULL, 151044, 3),
	(53, 'Полькин', NULL, 'Александр', 'Валерьевич', 1, NULL, 14772, 3),
	(54, 'Понкратова', NULL, 'Юлия', 'Владимировна', 2, NULL, 151045, 3),
	(55, 'Сеськин', NULL, 'Михаил', 'Васильевич', 1, NULL, 15020, 3),
	(56, 'Сорокин', NULL, 'Алексей', 'Игоревич', 1, NULL, 15019, 3),
	(57, 'Тепайкина', NULL, 'Екатерина', 'Андреевна', 2, NULL, 151051, 3),
	(58, 'Федотов', NULL, 'Владимир', 'Дмитриевич', 1, NULL, 151039, 3),
	(59, 'Храмова', NULL, 'Екатерина', 'Алексеевна', 2, NULL, 151042, 3),
	(60, 'Храмова', NULL, 'Ирина', 'Анатольевна', 2, NULL, 151040, 3),
	(61, 'Якунин', NULL, 'Иван', 'Владимирович', 1, NULL, NULL, 3),
	(62, 'Адушкин', NULL, 'Артем', 'Сергеевич', 1, NULL, 151862, 4),
	(63, 'Базарнов ', NULL, 'Дмитрий ', 'Валериевич', 1, NULL, 15226, 4),
	(64, 'Девятов ', NULL, 'Иван ', 'Сергеевич', 1, NULL, 163218, 4),
	(65, 'Денисов ', NULL, 'Максим ', 'Владимирович', 1, NULL, 15593, 4),
	(66, 'Заичкин ', NULL, 'Владимир ', 'Сергеевич', 1, NULL, 151861, 4),
	(67, 'Калабкин ', NULL, 'Евгений ', 'Сергеевич', 1, NULL, 170024, 4),
	(68, 'Кирдяшкина ', NULL, 'Элина ', 'Игоревна', 2, NULL, 15590, 4),
	(69, 'Киселев ', NULL, 'Владислав ', 'Константинович', 1, NULL, 151859, 4),
	(70, 'Колосова ', NULL, 'Марина ', 'Александровна', 2, NULL, 15589, 4),
	(71, 'Кочурова ', NULL, 'Екатерина ', 'Викторовна', 2, NULL, 15592, 4),
	(72, 'Мерионков ', NULL, 'Кирилл ', 'Анатольевич', 1, NULL, 15591, 4),
	(73, 'Никонов ', NULL, 'Евгений ', 'Евгеньевич', 1, NULL, 15595, 4),
	(74, 'Рябова ', NULL, 'Маргарита ', 'Юрьевна', 2, NULL, 15588, 4),
	(75, 'Силиванова ', NULL, 'Елена ', 'Александровна', 2, NULL, 15227, 4),
	(76, 'Суркова ', NULL, 'Марина ', 'Николаевна', 2, NULL, 15594, 4),
	(77, 'Тимонин ', NULL, 'Никита ', 'Викторович', 1, NULL, 15587, 4),
	(78, 'Трифонов ', NULL, 'Кирилл ', 'Евгеньевич', 1, NULL, 15586, 4),
	(79, 'Явкин ', NULL, 'Никита ', 'Геннадьевич', 1, NULL, 151860, 4),
	(80, 'Славкин ', NULL, 'Сергей ', 'Николаевич', 1, NULL, 14986, 4);
/*!40000 ALTER TABLE `Students` ENABLE KEYS */;
/*!40101 SET SQL_MODE=IFNULL(@OLD_SQL_MODE, '') */;
/*!40014 SET FOREIGN_KEY_CHECKS=IF(@OLD_FOREIGN_KEY_CHECKS IS NULL, 1, @OLD_FOREIGN_KEY_CHECKS) */;
/*!40101 SET CHARACTER_SET_CLIENT=@OLD_CHARACTER_SET_CLIENT */;
